Name,Age,City,Country,Job,Crypto
sdv-id-WHsgBI,78,South Tina,Fiji,Psychotherapist,Cardano
sdv-id-lnBAdn,84,Jacksonstad,Indonesia,"Designer, exhibition/display",EOS.IO
sdv-id-XDOBch,35,South Carol,Indonesia,Financial trader,Bitcoin
sdv-id-rMKWie,52,North Amanda,Tajikistan,Television camera operator,Tether
sdv-id-FPUfhr,75,South Samuelview,Seychelles,"Chemist, analytical",Litecoin
sdv-id-YvZDcB,45,Lake Brendahaven,Djibouti,"Geologist, engineering",Burstcoin
sdv-id-AJEEqM,39,Lake Janetmouth,Romania,Haematologist,SwiftCoin
sdv-id-XfXRVn,49,East Heatherhaven,Tajikistan,Musician,EOS.IO
sdv-id-qKzTKZ,90,Zacharyside,Lao People's Democratic Republic,"Engineer, agricultural",Titcoin
sdv-id-lEVmKt,82,Courtneyburgh,Greenland,Mechanical engineer,MazaCoin
sdv-id-JqXTmF,90,Blackstad,United States of America,"Surveyor, planning and development",Ubiq
sdv-id-JVAAit,23,New Shawnview,Cambodia,Hotel manager,DigitalNote
sdv-id-PhZTNZ,82,Churchton,Slovakia (Slovak Republic),Hotel manager,AMP
sdv-id-FdVZyh,90,Davisside,British Virgin Islands,"Sales professional, IT",Namecoin
sdv-id-fsUImT,86,South Tara,Palestinian Territory,Advertising account planner,Zclassic
sdv-id-RyUlYD,85,Greenburgh,Moldova,"Designer, industrial/product",Litecoin
sdv-id-PeFyVE,20,Stephenbury,Afghanistan,"Doctor, hospital",Emercoin
sdv-id-OlzkeJ,87,West Laurie,Martinique,IT technical support officer,AMP
sdv-id-KZgyUn,69,West Emma,Indonesia,Wellsite geologist,Decred
sdv-id-KatYYH,90,North Angelaside,Niger,"Accountant, chartered",Ripple
sdv-id-QLWEZm,85,Roseburgh,Panama,Multimedia specialist,Nxt
sdv-id-UlPcYr,79,Shannonfurt,Pakistan,Chief Strategy Officer,SwiftCoin
sdv-id-ufwECY,31,Mendozaburgh,Fiji,Systems analyst,Omni
sdv-id-YImsYc,90,New Heather,El Salvador,"Administrator, arts",Gridcoin
sdv-id-pivHsW,71,Maynardview,Indonesia,"Surveyor, building",Bytecoin
sdv-id-kFPWrz,86,Johnhaven,Cyprus,Advertising art director,Peercoin
sdv-id-ZLTeSL,44,West April,Saint Barthelemy,Mudlogger,BlackCoin
sdv-id-sXNcEi,87,East Lisa,United Kingdom,Leisure centre manager,AMP
sdv-id-REUQnL,90,Melissamouth,Guadeloupe,"Chemist, analytical",Nxt
sdv-id-jYCwKO,80,South Kristashire,Swaziland,Telecommunications researcher,Vertcoin
sdv-id-StlJby,90,Stephaniechester,Svalbard & Jan Mayen Islands,"Loss adjuster, chartered",Dogecoin
sdv-id-vtMufd,81,Berryport,Czech Republic,Chartered public finance accountant,Bytecoin
sdv-id-QFouNj,34,Lowemouth,Bahamas,Writer,Nxt
sdv-id-JGDSNg,90,West Christina,Kenya,Software engineer,Dogecoin
sdv-id-ePMeVW,87,Hoffmanmouth,Greenland,Fisheries officer,Primecoin
sdv-id-wcsLGa,20,Port Morgan,Afghanistan,"Engineer, civil (consulting)",EOS.IO
sdv-id-sGZruf,64,Ibarrahaven,Central African Republic,Clinical psychologist,Titcoin
sdv-id-oIWbak,47,Wagnerfort,Morocco,Aeronautical engineer,Tether
sdv-id-mfpRET,39,Ricemouth,Hong Kong,Education administrator,Namecoin
sdv-id-saGami,58,Johnhaven,Ghana,Airline pilot,TRON
sdv-id-wiUKgz,75,Lopezburgh,Finland,Artist,Titcoin
sdv-id-CwbNOF,63,Port Timothy,Bolivia,Insurance claims handler,BlackCoin
sdv-id-rKkNzQ,31,Tarastad,Lesotho,Tour manager,Sirin Labs
sdv-id-zxgtwm,81,Jayside,Malaysia,"Surveyor, planning and development",EOS.IO
sdv-id-OPQfel,86,Timothyberg,Saudi Arabia,Chartered public finance accountant,Gridcoin
sdv-id-otizvY,85,North Nathanstad,Western Sahara,Telecommunications researcher,Sirin Labs
sdv-id-LsHPux,74,Timothychester,Taiwan,IT technical support officer,AMP
sdv-id-qFcoeP,89,Silvaland,Turks and Caicos Islands,Recruitment consultant,Nxt
sdv-id-FeKptv,81,Michellemouth,British Virgin Islands,Chiropodist,IOTA
sdv-id-LNHTAI,90,South Nina,Panama,Chiropodist,Nxt
sdv-id-aUUOZv,56,Tonyside,Slovakia (Slovak Republic),"Teacher, early years/pre",NEO
sdv-id-UWsegd,77,South Evelynview,Martinique,Chartered public finance accountant,AMP
sdv-id-iooIYZ,32,Allenland,Nepal,Telecommunications researcher,Coinye
sdv-id-edIIPI,82,East Heatherhaven,Djibouti,Psychotherapist,Titcoin
sdv-id-UyFwlb,90,West Kathleenport,Congo,Chief of Staff,SwiftCoin
sdv-id-wDQzpQ,90,Dennisberg,India,Forensic psychologist,Coinye
sdv-id-CLZtlW,67,Weissland,Iraq,Aeronautical engineer,Emercoin
sdv-id-vZSPGa,87,New Timothy,Montenegro,"Chemist, analytical",Ethereum Classic
sdv-id-KiZtya,37,South Brenda,Taiwan,Call centre manager,Primecoin
sdv-id-jovjqy,62,Taylorstad,Singapore,Water engineer,Coinye
sdv-id-PXbsZv,83,Jamesmouth,Greenland,"Designer, multimedia",Litecoin
sdv-id-DTnwCo,90,North Robertmouth,Germany,"Engineer, communications",Dogecoin
sdv-id-zpLjSd,90,New Karenburgh,Seychelles,Theatre director,Vertcoin
sdv-id-XIUuFa,90,Hansenfurt,Tanzania,Restaurant manager,AMP
sdv-id-Cmwtvn,41,Heathermouth,Indonesia,Land,Peercoin
sdv-id-WLQKPh,80,Whitechester,Netherlands Antilles,Human resources officer,Zcash
sdv-id-VkifSY,79,North Jeffreyshire,Nepal,Hospital pharmacist,SwiftCoin
sdv-id-cPvOXQ,67,West Ian,Reunion,"Engineer, communications",Primecoin
sdv-id-gVGPph,35,North Cindymouth,Saint Vincent and the Grenadines,"Engineer, agricultural",IOTA
sdv-id-LqxYOj,41,Marissahaven,Pitcairn Islands,"Sales professional, IT",Vertcoin
sdv-id-dTFsOp,73,South Timothy,Jordan,Illustrator,Zcash
sdv-id-zfXFix,69,South James,Timor-Leste,Education administrator,Auroracoin
sdv-id-SYzWVp,90,West Michellebury,British Virgin Islands,Clinical psychologist,Zclassic
sdv-id-PsWRqx,82,Rodriguezton,Antarctica (the territory South of 60 deg S),Water engineer,EOS.IO
sdv-id-EHCzMZ,42,Patriciamouth,Western Sahara,Hospital pharmacist,Monero
sdv-id-ZNnYCv,78,Port Fredland,Morocco,Aid worker,Ethereum
sdv-id-VChvXj,90,Kimberlytown,Saint Vincent and the Grenadines,Product designer,MazaCoin
sdv-id-TVjocU,82,North Williamborough,Tajikistan,Web designer,Coinye
sdv-id-dXHywz,86,West Michellefurt,New Zealand,"Surveyor, rural practice",Dash
sdv-id-CaAapm,90,New Ronaldchester,Antarctica (the territory South of 60 deg S),Aeronautical engineer,Burstcoin
sdv-id-xRGFgY,85,East Angelaview,Liberia,Ecologist,Bitcoin Cash
sdv-id-ZjWDqd,70,Hillchester,Kazakhstan,"Production designer, theatre/television/film",Titcoin
sdv-id-iNOYwq,76,Cervantesbury,Holy See (Vatican City State),Systems analyst,TRON
sdv-id-quHPdT,65,Smithborough,Rwanda,Industrial/product designer,Zcash
sdv-id-rspjie,90,Lewiston,United States of America,"Teacher, early years/pre",Burstcoin
sdv-id-lPJDxg,50,Erikaborough,Kenya,Counsellor,Gridcoin
sdv-id-JyoMgj,76,North Melissa,Belize,Theatre stage manager,Ubiq
sdv-id-iMaJeJ,42,Jessefort,Lesotho,"Chemist, analytical",Titcoin
sdv-id-rYqLMx,77,Cooperberg,Croatia,"Sales professional, IT",Zclassic
sdv-id-HxCtpt,39,Lake Claudia,Egypt,Museum/gallery curator,Lisk
sdv-id-zpQYuT,85,Port Juliaborough,Cambodia,Race relations officer,Ubiq
sdv-id-oqSlHk,90,Richardland,Iraq,Theme park manager,Cardano
sdv-id-JgWFWs,75,Tammyton,Qatar,Armed forces logistics/support/administrative officer,XEM
sdv-id-Kgpnzk,40,Coreyton,Ethiopia,Community pharmacist,TRON
sdv-id-bsNTJr,73,Tylermouth,Antarctica (the territory South of 60 deg S),Visual merchandiser,Bytecoin
sdv-id-gUnSGQ,34,Gibsonland,Nigeria,Adult nurse,Nxt
sdv-id-nONtil,86,Harrisfurt,Guatemala,Product designer,Bitcoin Cash
sdv-id-tDfegt,90,Jenniferside,Kenya,Health and safety adviser,Waves Platform
sdv-id-SbcmPx,48,Stephaniehaven,Angola,Structural engineer,Gridcoin
sdv-id-mZxWbz,90,Diazborough,Djibouti,Media buyer,Auroracoin
