Name,Age
Mrs. Kelly Stokes,27
Elizabeth Gonzales,60
Anne Harris,44
Katie Pierce,44
Michael Walsh,25
Ryan Ferguson,31
Janice Thomas,19
John Saunders MD,49
Kathryn Adams,22
Danielle Wilkins,52
Alexander Villanueva,19
Hannah Cruz,29
Scott Marshall,32
Derek Harris,40
Edward Smith,24
Mr. Michael Miller,36
Dustin Boyd,46
Shannon Pugh,21
Justin Villarreal,36
Kelly Leach,22
Darlene Gallegos,28
Christopher Smith,34
Laura Martin,22
Vincent Welch,55
Scott Johnson,48
Matthew Walton,25
Drew Gray,58
Danielle Brown,50
Diane Mathis,45
Rebecca Young,50
Erica Taylor,34
Jared Burton,30
Erik Clark,47
Beth Clayton,18
Dawn King PhD,38
Eric Gonzalez,42
Taylor Gill,57
Matthew Ramirez,38
Tammy Moreno,57
Anthony Ingram,37
David Evans,57
John Wright,29
Matthew Wang,25
Barbara Nichols,48
Christina Hernandez,49
Anthony Massey,38
Diana Ferrell,18
Phillip Hayes,53
Nicole Chavez,41
Marcia Alexander,49
Keith Bell,30
James Crawford,42
Tracy Webb,58
Wayne Nunez,52
Jeremy Williams,33
Julia Campbell,35
Lisa Blevins,26
Matthew Thompson,25
Jessica Hernandez,21
Robert Miller,20
Ashley Harmon,56
Amanda Garcia,26
Joy Miranda,25
Erika Perkins,44
William Garcia,60
Sara Nash,46
George Martin,21
Thomas Stark,51
Cole York,46
Kathy Johnson,35
Christopher Reed,36
Taylor Jacobs,23
Rebekah Martinez,34
Nathaniel Brewer,21
Brian Kelley,42
Justin Thomas,19
Kim Tran,27
Nathan Moses,49
John Johnson,27
Heidi Henry,59
Kurt Reeves,30
Steven Rivera,53
Jennifer Simpson,37
Angela Hernandez,20
Andrew Mullen,24
John Peters,42
Kathy Murphy,35
Gregory Clay,32
Christine Moreno,58
Paul Hill,57
Dawn Jones,50
Amy Bell,29
Shannon Escobar,25
Monica Nguyen,36
John Robinson,20
Vanessa Friedman,25
Shannon Jones,22
William Mcknight,31
Arthur Meyers,36
Lisa Smith,41
