Name,Age,Email,Phone,City,Salary
Charles Rivera,13319,brendawillis@example.org,204.267.0800x93082,New Michelleview,15736
Kyle Zhang,10915,jeffrey27@example.org,(974)539-4998x17763,West Samanthamouth,47263
Megan Sweeney,1618,ccook@example.org,001-300-907-0444x979,Port Johnton,53757
David Gay,71392,mariareyes@example.net,+1-904-233-9606x44234,Sandyburgh,36619
Emily Jordan,66250,seth15@example.net,+1-263-756-6331x449,Markton,69662
Alexandria Cobb,21143,david00@example.org,(216)816-4672x205,Kimberlyville,50948
Amanda Adams,37099,henrymelody@example.net,+1-448-248-0913x30099,Walterberg,51576
Michael Williams,64358,landrypatricia@example.net,249-390-9773x993,Calebville,33011
Grace Jimenez,2327,angela95@example.com,249.745.1246x0152,Joneston,67313
Stacy Jones,44425,scottamy@example.org,+1-361-606-0379,Pricemouth,7964
Donald Watkins,48440,muellerlisa@example.com,001-770-496-0353x27124,Penningtonbury,49106
Barbara Lester,57300,timhoffman@example.com,(559)920-6035,West Joe,50518
Charles Taylor,45025,samuelpadilla@example.com,718-401-1958x335,Brooksville,12900
Deanna Diaz,65742,ybryant@example.net,657.263.2177x32088,Lake Nicoleburgh,14986
Scott Thompson,60936,jonathangill@example.org,+1-717-443-2484,Lake Erica,5434
John James,879,sheppardjonathan@example.com,487-308-4141x50059,New Terrishire,27040
Nicholas Duffy,55064,taylorwilliam@example.org,(352)450-2373,Briannabury,78336
Mia Morgan,69240,bruce77@example.org,575-980-6371x224,Kevinton,65978
Nicole Herrera,1312,rsmith@example.com,751.763.1731,Youngview,36478
Ronald Hester,1834,gpetersen@example.net,633-646-1846,Garciafurt,66055
Erin Walker,65956,kimberlywilson@example.com,287-970-0618,North Robert,5192
Tina Wyatt,44497,kimberly69@example.net,001-215-502-5124x83756,Davidport,38504
Anthony Conley,57340,jimenezjoseph@example.net,001-854-989-4652x871,Port Austin,38107
Tina Smith,77190,mcclureclayton@example.org,342.439.7838,Martinside,78173
Johnny Watson,51950,hinesjohn@example.net,+1-859-453-1914x338,Port Brian,13762
Nancy Marshall,5076,ewilson@example.com,920-314-1599x1062,North Tiffanybury,41226
Craig Hale,51594,scott10@example.com,6983102091,Bradleyshire,10624
Don Long,73038,michaelmcdowell@example.org,001-492-937-3175x6100,Lake Michael,45707
Mary Martin,57050,oroberts@example.org,4596931540,Peckville,59460
Elizabeth Jimenez,62033,graycorey@example.org,(756)840-6095x37298,North Jamesbury,74285
Matthew Daugherty,37213,kking@example.net,+1-514-720-5991x1565,Matthewtown,3710
Cindy Spencer,73082,davismichael@example.net,(368)235-0278x10458,Griffinfort,56399
Kathy Norton,25428,ethanmitchell@example.net,(701)288-6556x3528,East Rebecca,73851
Kristina Harvey,4503,lindsaywallace@example.org,(868)928-4594,North Brittanyhaven,14939
Alexander Chambers,72405,phillip50@example.org,785.428.5720x81187,South Michaelstad,52034
Sarah Salas,42480,ysmith@example.org,+1-555-301-8350,North Christopherburgh,68920
Julie Lang,36926,wisealicia@example.net,+1-280-326-3059x11701,Anthonyville,77970
Destiny Mcdaniel,25210,lowerykimberly@example.org,(349)259-2961x11180,New Melindachester,27387
Leah Glenn,70996,escobardenise@example.com,001-525-471-3087x048,Douglasfort,28324
Gina Torres,54722,wclark@example.net,844.516.0978,Jackland,43874
Barbara Bailey,47228,cookjennifer@example.com,(414)200-4678,West Joseph,60781
Tiffany Johnson,53593,ryanmorgan@example.net,(649)685-4470x02743,Port Gerald,49695
Donna Mcmahon,48627,daniel31@example.org,534.347.2081x70773,Kochview,63616
Joseph Miller,44595,michellelarsen@example.net,487-853-3194,Mcdowellmouth,5221
Paul Carroll,9604,davidweiss@example.net,(273)824-5738,Heatherburgh,30156
Robert Coleman,309,kevin60@example.org,4493525498,South Andrewmouth,7321
Michelle Lee,10762,thomas35@example.com,858-291-1143,West Daniel,38789
Jennifer Garza,65808,tiffanyoliver@example.net,620-565-5295x31889,New Davidbury,36294
John King,6254,darrenshaw@example.com,879.330.7343x4934,Deborahborough,39692
Elizabeth Hess,78539,marshallrichard@example.com,+1-264-274-9827x7731,Davismouth,12451
Alexander Anderson,72515,rosalestimothy@example.net,888-365-1145,East Megan,16059
Robert Evans,47223,keykristen@example.org,001-298-767-0148x9726,Lake Laurahaven,33872
Katie Beck,53104,cindy80@example.com,366.685.2898,Port Isaacside,1814
Tracy Carson,70101,lisakennedy@example.com,374-671-8847x4603,New Robertton,39314
Alexander Kim,2696,gregory47@example.org,331-957-5466,Douglasborough,27666
Charles Compton,32149,paulryan@example.org,383-498-5014x5166,Port Samuelhaven,1770
James Reed,31216,tonyacohen@example.org,301.436.8967x1519,South Marcia,12170
Christopher Munoz,14740,brianmorales@example.com,+1-635-375-0458,New Raymondborough,77518
Lindsey Booker,34703,brendarandall@example.com,001-408-630-1223,Jefferyville,77702
Michael Anderson,75906,dthompson@example.net,001-369-374-0452x81319,West Marissatown,15071
Misty Marshall,29801,rubiodawn@example.net,001-430-804-4401x8159,Wallaceview,68815
Mary Fisher,54485,fsmith@example.net,383.264.0971x4815,Lake Brandonfurt,34156
John Prince,69393,haynesbrenda@example.net,271-293-1265x9320,South Brittany,10882
Thomas Long,21918,thomasrobin@example.org,(928)715-1126x581,East Marilynstad,2678
Katie Chapman,35044,qrodriguez@example.net,943.334.4069,East Jennifer,67938
Joshua Lewis,2432,matthew29@example.org,682-933-5767,Paulbury,70443
Harold Goodman,55229,chapmanbrandon@example.org,(251)804-6717,Holmesfort,63651
Shawn Robertson,79939,greenejoseph@example.net,978.821.0815,Ryanville,17671
Heather Savage,16128,james32@example.net,768-585-5452,New Christopher,8714
Mr. Anthony Ferguson,41802,wilsonjoseph@example.org,+1-555-689-7228x411,North Donaldville,708
Maria Baldwin,32917,gpage@example.net,+1-769-216-6584x45646,New Regina,62326
Crystal Bennett,29832,youngjulie@example.org,4365353637,Lake Teresa,27813
Susan Keith,29020,stephanie56@example.com,913.981.9500,North Russellland,67831
Scott Harris,12616,ygray@example.net,(448)870-0749,North Benjamin,38238
Jessica Massey,5227,knappwendy@example.org,(385)630-7598x70453,Mayermouth,56456
Jennifer Hernandez,46580,juan16@example.net,312-697-0856x0436,South Virginiachester,9565
Kristi Shelton,4488,gonzalezchristopher@example.com,001-790-489-6215x8938,North Timothy,23244
Rhonda Cox,37073,rnguyen@example.com,257.298.4791x3984,Kimberlyfurt,17070
Sharon Sims,57601,johnsonmelanie@example.com,583.425.6051x28709,South Sean,10197
Marissa Johnson,35523,peter18@example.net,408-344-3503,New Christopherview,61500
Rebecca Delgado,2485,boyersteven@example.com,+1-827-440-2091x0403,Katherineborough,13484
Sarah Roberson,11683,hartjacob@example.org,661.994.9624x9833,East Jasmine,63072
Sandra Weber,2415,michellebuck@example.org,+1-623-349-5687x5147,Tiffanyfort,79423
Deanna Woods,15511,slong@example.com,986.908.1646x85405,West Mark,37756
Susan Espinoza,34636,tsanchez@example.org,200.332.1839,Coxberg,16538
Scott Clark,17123,stephencarter@example.com,7095746268,Port Brandon,33652
Pamela Harvey,19716,bakermark@example.net,5407432607,Kevinberg,4598
Sarah Higgins,62804,jessica95@example.org,+1-714-819-5935x05255,Joseland,57236
Jeremy Crosby,65932,qyates@example.com,619-646-5172x61924,Kingport,32930
Emily Pearson,72812,scott84@example.org,513.745.4079,Moorechester,45153
Brandy Pope,64154,shawmichele@example.net,001-789-735-3534,Meganburgh,33509
Darren Davila,55178,mark77@example.net,+1-725-979-5411x8690,Byrdview,2136
Aaron Ballard,13500,jamesjohnson@example.org,+1-278-494-2737x076,Mariahaven,4361
Sara Neal,72770,phenderson@example.org,774.757.0972,East Jeremyborough,65736
Melissa Todd,17175,sean05@example.net,+1-560-728-4593,Elizabethmouth,67661
Katie Perez,44766,rogersjeffrey@example.org,+1-977-306-8183x225,Port Edward,55355
Andrea Lamb,49246,steven31@example.net,+1-682-239-9597x625,West Deanna,55668
Amy Flowers,26852,shanecrosby@example.org,001-682-967-5686x371,Mcclainmouth,16536
Brittany Cobb,41036,fischerbrittany@example.org,+1-372-657-5730x67145,Jacobhaven,33535
Sarah Barker,61328,xspears@example.org,+1-636-634-8267x36475,Lake Jonathanside,27797
